20250404-155933,BiLSTM,0.14462092770161056,0.12710771296921183,0.11548801220790077,0.7946216617210683,0.0003,8,50
20250404-155933,BiLSTM,0.16123928062838733,0.15606417661741848,0.15584315598463871,0.8048961424332344,0.0003,8,50
20250404-155933,BiLSTM,0.17516660324261799,0.1399055799849215,0.1377912440486569,0.7989614243323442,0.0003,8,50
20250404-155933,BiLSTM,0.18552161981384208,0.15648222963345593,0.15747479270661052,0.8035608308605341,0.0003,8,50
20250404-155933,BiLSTM,0.19761443547197338,0.1491388722892259,0.15065937299421184,0.8040430267062314,0.0003,8,50
20250404-155933,BiLSTM,0.19005950971724905,0.13392329242097545,0.1284604714490927,0.7988501483679525,0.0003,8,50
20250404-155933,BiLSTM,0.2125771886003712,0.13769690986731561,0.1357255610312252,0.7954005934718101,0.0003,8,50
20250404-155933,BiLSTM,0.22036460452345522,0.17045511191316148,0.17411200657167378,0.8079005934718101,0.0003,8,50
20250404-155933,BiLSTM,0.21773775935039438,0.15637190067159212,0.16137079539193383,0.8024109792284867,0.0003,8,50
20250404-155933,BiLSTM,0.23431192655199906,0.15833977853939796,0.1663632538111042,0.8011127596439169,0.0003,8,50
20250404-155933,BiLSTM,0.21736160670643345,0.16195998915318047,0.16753992556193367,0.8075296735905044,0.0003,8,50
20250404-155933,BiLSTM,0.2850583098572424,0.18868822786214937,0.19264873614285066,0.811053412462908,0.0003,8,50
20250404-155933,BiLSTM,0.35458995017069667,0.13248965137678442,0.12523509395418947,0.7958827893175074,0.0003,8,50
20250404-155933,BiLSTM,0.36339960254594617,0.1719630074172656,0.1837801333912815,0.8048219584569732,0.0003,8,50
20250404-155933,BiLSTM,0.37768864984298833,0.1643981520717934,0.17408959562631204,0.810459940652819,0.0003,8,50
20250404-155933,BiLSTM,0.3317660704011474,0.15272518959939818,0.16009218034306236,0.8035237388724036,0.0003,8,50
20250404-155933,BiLSTM,0.40056297756642834,0.18847645061063856,0.19644820405662344,0.8127967359050445,0.0003,8,50
20250404-155933,BiLSTM,0.3937930160570059,0.1900684935862232,0.19908568888749803,0.8082344213649851,0.0003,8,50
20250404-155933,BiLSTM,0.34275143924321483,0.17218655645180925,0.1878880393018696,0.8084569732937685,0.0003,8,50
20250404-155933,BiLSTM,0.4420401994228259,0.16841565023995847,0.18279665666103484,0.8085682492581603,0.0003,8,50
20250404-155933,BiLSTM,0.3409622726631643,0.19734880161314783,0.21745879366638476,0.8099035608308606,0.0003,8,50
20250404-155933,BiLSTM,0.35893959144365517,0.1952055391407376,0.21660530940524372,0.8093100890207715,0.0003,8,50
20250404-155933,BiLSTM,0.3597225756611583,0.21068161101503366,0.22748249441991444,0.8190652818991098,0.0003,8,50
20250404-155933,BiLSTM,0.39646775042992644,0.17499761317271306,0.19522053965105907,0.8058234421364985,0.0003,8,50
20250404-155933,BiLSTM,0.5091093700922211,0.21080296263097453,0.23752721102083135,0.8185830860534125,0.0003,8,50
20250404-155933,BiLSTM,0.4868147026316277,0.1916915252312965,0.2175696549506909,0.8101632047477745,0.0003,8,50
20250404-155933,BiLSTM,0.4657759973403331,0.20210256370967716,0.22662332761698495,0.8137611275964391,0.0003,8,50
20250404-155933,BiLSTM,0.4771699506793187,0.187088952391322,0.2141935738273501,0.8010385756676558,0.0003,8,50
20250404-155933,BiLSTM,0.46129429369313696,0.22507732779675935,0.2541477709820918,0.8184347181008902,0.0003,8,50
20250404-155933,BiLSTM,0.4151855614501161,0.1757250120775671,0.19770620813184586,0.8064169139465875,0.0003,8,50
20250404-155933,BiLSTM,0.46435647006161984,0.1971959786945283,0.2289648207714765,0.8103486646884273,0.0003,8,50
20250404-155933,BiLSTM,0.5313365590624574,0.20561958955140247,0.23460807179043805,0.8139094955489614,0.0003,8,50
20250404-155933,BiLSTM,0.460090274570976,0.20755527824813577,0.2367457394891978,0.8127596439169139,0.0003,8,50
20250404-155933,BiLSTM,0.4637336314347171,0.18693103051481005,0.21755777198829362,0.8070474777448071,0.0003,8,50
20250404-160340,BiLSTM_CRF,0.20344692191635133,0.12516386995280546,0.11099262358422118,0.7942507418397626,0.0003,8,50
20250404-160340,BiLSTM_CRF,0.2429291361219496,0.11002981927849433,0.06280501721578494,0.1696587537091988,0.0003,8,50
20250404-160340,BiLSTM_CRF,0.38448467798607416,0.1874018795359705,0.1923751951892069,0.6771884272997033,0.0003,8,50
20250404-160340,BiLSTM_CRF,0.3773599933852413,0.21315657816055367,0.22578130776527516,0.6279302670623146,0.0003,8,50
20250404-160340,BiLSTM_CRF,0.3775473428071826,0.23947050332562575,0.23522954254594583,0.5577893175074184,0.0003,8,50
20250404-160340,BiLSTM_CRF,0.38705014964265905,0.2549334491410894,0.2535429145396786,0.49554896142433236,0.0003,8,50
20250404-160340,BiLSTM_CRF,0.40193130797718385,0.2469525723623524,0.27318446277057934,0.6689540059347181,0.0003,8,50
20250404-160340,BiLSTM_CRF,0.37120132121736116,0.2611110595048588,0.2837784393973679,0.6044139465875371,0.0003,8,50
20250404-160340,BiLSTM_CRF,0.35193037057229665,0.2690403658700534,0.27801529798200186,0.5202151335311572,0.0003,8,50
20250404-160340,BiLSTM_CRF,0.3546618455799835,0.26323533574562646,0.2868219684632005,0.6597551928783383,0.0003,8,50
20250404-160340,BiLSTM_CRF,0.3763351289939477,0.31168635755686636,0.3228346646234002,0.7102373887240356,0.0003,8,50
20250404-160340,BiLSTM_CRF,0.3400974842517408,0.2608874690090616,0.27299011152312147,0.6195845697329377,0.0003,8,50
20250404-160340,BiLSTM_CRF,0.3374074805635553,0.2875300201319989,0.29817507523419695,0.6573442136498516,0.0003,8,50
20250404-160340,BiLSTM_CRF,0.35010317293411686,0.304901106859357,0.3167621412536785,0.7240727002967359,0.0003,8,50
20250404-160340,BiLSTM_CRF,0.3437858893834452,0.32139805354024076,0.3255312755545031,0.7255563798219584,0.0003,8,50
20250404-160340,BiLSTM_CRF,0.3426345664667995,0.31177471787311367,0.3225324059322424,0.7520771513353116,0.0003,8,50
20250404-160340,BiLSTM_CRF,0.3488053636943333,0.29646428499244115,0.312865337133708,0.7126112759643917,0.0003,8,50
20250404-160340,BiLSTM_CRF,0.34090413967285976,0.3143767800425702,0.32341785010541996,0.7379821958456974,0.0003,8,50
20250404-160340,BiLSTM_CRF,0.33821294081519127,0.3059720270552733,0.3115096590351495,0.7293768545994065,0.0003,8,50
20250404-160340,BiLSTM_CRF,0.34610242573629196,0.31297648407287737,0.3199310952387254,0.7672477744807121,0.0003,8,50
20250404-160853,BiLSTM_Attention,0.06231615707769625,0.12256962672629279,0.03188148498027143,0.14228486646884272,0.0003,8,50
20250404-160853,BiLSTM_Attention,0.30702439697576045,0.1913116824404847,0.18584644771391945,0.8196958456973293,0.0003,8,50
20250404-160853,BiLSTM_Attention,0.27874206031957943,0.16598966121269873,0.17457728809045633,0.8149851632047478,0.0003,8,50
20250404-160853,BiLSTM_Attention,0.29655585276608526,0.1420433668890085,0.1430228774546283,0.8054525222551929,0.0003,8,50
20250404-160853,BiLSTM_Attention,0.3592450571586905,0.1519001013836588,0.16030812584066936,0.809272997032641,0.0003,8,50
20250404-160853,BiLSTM_Attention,0.3301728860584226,0.16306987548956778,0.17312819838648386,0.8123145400593472,0.0003,8,50
20250404-160853,BiLSTM_Attention,0.37053101078955997,0.16411577813532593,0.18034405912664767,0.8097551928783383,0.0003,8,50
20250404-160955,BiLSTM,0.15710305047427348,0.13615241274868062,0.1319203427423561,0.7990356083086053,0.0003,8,50
20250404-160955,BiLSTM,0.15577759248433484,0.13655417888465357,0.1325342446782318,0.7988501483679525,0.0003,8,50
20250404-160955,BiLSTM,0.16445440995355098,0.16788864600700118,0.16558846366974111,0.810200296735905,0.0003,8,50
20250404-160955,BiLSTM,0.19327646691584016,0.13806023958906263,0.13506570140976426,0.800927299703264,0.0003,8,50
20250404-160955,BiLSTM,0.20438934373457202,0.14486917578624475,0.14693794567204238,0.7982566765578635,0.0003,8,50
20250404-160955,BiLSTM,0.18095609652206254,0.13895186788698335,0.13688789288930228,0.7964020771513353,0.0003,8,50
20250404-160955,BiLSTM,0.1994479109099607,0.16460916674753356,0.1649578339897973,0.8031157270029674,0.0003,8,50
20250404-160955,BiLSTM,0.21770769696706582,0.18718153753268543,0.18538740240814455,0.8132418397626113,0.0003,8,50
20250404-160955,BiLSTM,0.33644853540855624,0.16626408044107618,0.1713876105315539,0.8044881305637982,0.0003,8,50
20250404-160955,BiLSTM,0.37971369597607085,0.15883379439728765,0.16752731617160907,0.8060459940652819,0.0003,8,50
20250404-160955,BiLSTM,0.29597771139575435,0.15286240145435193,0.15800855974679004,0.8039317507418398,0.0003,8,50
20250404-160955,BiLSTM,0.34723367700428903,0.1938084651729369,0.1948802404600434,0.8158382789317508,0.0003,8,50
20250404-160955,BiLSTM,0.3575012244601455,0.1527522685104967,0.15796093147307833,0.7993323442136498,0.0003,8,50
20250404-160955,BiLSTM,0.37127285083722417,0.20309069019629494,0.20041752489421946,0.8117210682492582,0.0003,8,50
20250404-160955,BiLSTM,0.36416682103768194,0.17742414513528423,0.18326652133054874,0.8058605341246291,0.0003,8,50
20250404-160955,BiLSTM,0.3292998852449276,0.1626330102346946,0.17525865074878152,0.8062685459940653,0.0003,8,50
20250404-160955,BiLSTM,0.36126213634387166,0.15857045411310258,0.1669784113204447,0.8079005934718101,0.0003,8,50
20250404-160955,BiLSTM,0.3043859044142774,0.18272021031698876,0.19162386949022792,0.8086795252225519,0.0003,8,50
20250404-160955,BiLSTM,0.3414112116606614,0.20069339699148997,0.21974304676395776,0.8141691394658753,0.0003,8,50
20250404-160955,BiLSTM,0.3283283366406256,0.1758059207230996,0.19417491208028637,0.8083456973293769,0.0003,8,50
20250404-160955,BiLSTM,0.421650152631007,0.19089523678734482,0.2190131974194771,0.8089762611275965,0.0003,8,50
20250404-160955,BiLSTM,0.5015468524618125,0.18264923836982128,0.20581594612783133,0.8088278931750742,0.0003,8,50
20250404-160955,BiLSTM,0.3755175540541043,0.18786207852200315,0.21454680222011757,0.8067507418397626,0.0003,8,50
20250404-160955,BiLSTM,0.3886804910868211,0.17994332172081304,0.20377544028074585,0.8039688427299704,0.0003,8,50
20250404-161241,BiLSTM_CRF,0.1534993527013454,0.15615371415534618,0.15399864414185155,0.7852744807121662,0.0003,8,50
20250404-161241,BiLSTM_CRF,0.3001245045890697,0.13075084041391027,0.12183117031810223,0.7955118694362018,0.0003,8,50
20250404-161241,BiLSTM_CRF,0.22597821915258315,0.09981474147747743,0.08983032254681518,0.1655786350148368,0.0003,8,50
20250404-161241,BiLSTM_CRF,0.3049914805840298,0.1814291475177337,0.1790488170624159,0.40827151335311573,0.0003,8,50
20250404-161241,BiLSTM_CRF,0.2737886488777911,0.16080416875034664,0.16065432967638774,0.298553412462908,0.0003,8,50
20250404-161241,BiLSTM_CRF,0.34629874897311164,0.17207393240118063,0.18538072798220245,0.3408382789317507,0.0003,8,50
20250404-161241,BiLSTM_CRF,0.3461805547132916,0.20413513366259067,0.22088227170552804,0.3343471810089021,0.0003,8,50
20250404-161241,BiLSTM_CRF,0.2936151162882824,0.20419211922469901,0.20179452734045222,0.30463649851632046,0.0003,8,50
20250404-161241,BiLSTM_CRF,0.3014795152847477,0.21870532635552864,0.2216948849346253,0.3603486646884273,0.0003,8,50
20250404-161241,BiLSTM_CRF,0.3356645276472015,0.2742880002891809,0.27901073397695575,0.5338278931750742,0.0003,8,50
20250404-161241,BiLSTM_CRF,0.32795735900445977,0.25999821425273295,0.26911458882204325,0.5095326409495549,0.0003,8,50
20250404-161241,BiLSTM_CRF,0.3240431701513672,0.2832870451523455,0.2867258330603534,0.6140949554896142,0.0003,8,50
20250404-161241,BiLSTM_CRF,0.3212907438703674,0.26732379625543873,0.2705350185825283,0.4931379821958457,0.0003,8,50
20250404-161241,BiLSTM_CRF,0.31363087977614046,0.2856138167107515,0.2773991304495561,0.5547477744807122,0.0003,8,50
20250404-161241,BiLSTM_CRF,0.3157025232705456,0.26965063881787177,0.2667934511912676,0.46724777448071214,0.0003,8,50
20250404-161241,BiLSTM_CRF,0.3263827691603928,0.2759737515424305,0.2852419261370489,0.5945845697329377,0.0003,8,50
20250404-161241,BiLSTM_CRF,0.3410904065818827,0.2982262135539955,0.3010527246855437,0.6579005934718101,0.0003,8,50
20250404-161241,BiLSTM_CRF,0.3286619726111111,0.2923398396724758,0.29084619166867004,0.6010385756676558,0.0003,8,50
20250404-161241,BiLSTM_CRF,0.31092308965375015,0.28435515830945735,0.27914004824003946,0.5542655786350148,0.0003,8,50
20250404-161241,BiLSTM_CRF,0.32909211677570505,0.3152039725603184,0.30701892234981754,0.6201038575667656,0.0003,8,50
20250404-161241,BiLSTM_CRF,0.335653954675606,0.28326181266928,0.29271750730215196,0.5869436201780416,0.0003,8,50
20250404-161241,BiLSTM_CRF,0.3280638528648848,0.29846185942573233,0.2979621761761243,0.6642433234421365,0.0003,8,50
20250404-161241,BiLSTM_CRF,0.2944346193920633,0.26816240881315906,0.24792031304999396,0.39666172106824926,0.0003,8,50
20250404-161241,BiLSTM_CRF,0.32043805217276,0.29545779793924953,0.2897716470656696,0.5683234421364985,0.0003,8,50
20250404-161241,BiLSTM_CRF,0.2974918629476794,0.2723851743219877,0.2675373539132038,0.5077522255192878,0.0003,8,50
20250404-161859,BiLSTM_Attention,0.16607491763398033,0.16652285792333021,0.16524489900150668,0.8135014836795252,0.0003,8,50
20250404-161859,BiLSTM_Attention,0.22426088730618,0.12531715847730618,0.11129540709990106,0.7940652818991097,0.0003,8,50
20250404-161859,BiLSTM_Attention,0.27743639644042506,0.15213010019040335,0.15948937028148494,0.8057121661721068,0.0003,8,50
20250404-161859,BiLSTM_Attention,0.427391392175439,0.1506645403481851,0.15923037187508274,0.8027448071216617,0.0003,8,50
20250404-161859,BiLSTM_Attention,0.4219396459534779,0.16028637350458197,0.17480251790772522,0.8042284866468843,0.0003,8,50
20250404-161859,BiLSTM_Attention,0.3950362358487329,0.16400490365651152,0.18090385043400656,0.80459940652819,0.0003,8,50
20250404-161859,BiLSTM_Attention,0.4947267944790079,0.17076419794513809,0.19244772937402058,0.8054896142433234,0.0003,8,50
20250404-161859,BiLSTM_Attention,0.5006871824500768,0.18095564259755073,0.20695406227653715,0.8108308605341247,0.0003,8,50
20250404-161859,BiLSTM_Attention,0.45359560405044397,0.1915379685278997,0.22488900826255578,0.8102744807121661,0.0003,8,50
20250404-161859,BiLSTM_Attention,0.46914909685356393,0.18818156136575434,0.21950061420126357,0.8050074183976261,0.0003,8,50
20250404-161859,BiLSTM_Attention,0.49664943186709565,0.24207283212378672,0.2918369271211253,0.8167655786350149,0.0003,8,50
20250404-161859,BiLSTM_Attention,0.5382150053943664,0.2201356372829835,0.2598452304704293,0.8163204747774481,0.0003,8,50
20250404-161859,BiLSTM_Attention,0.4936065756890053,0.2121100764866433,0.25487009975771857,0.8122403560830861,0.0003,8,50
20250404-161859,BiLSTM_Attention,0.48880804995449867,0.23361790686549197,0.28079307008032917,0.8163946587537092,0.0003,8,50
20250404-161859,BiLSTM_Attention,0.46062915038462493,0.24635136101857813,0.2929109731948003,0.8163946587537092,0.0003,8,50
20250404-161859,BiLSTM_Attention,0.4846859850656341,0.224514395208109,0.26844473507123356,0.8166543026706231,0.0003,8,50
20250404-161859,BiLSTM_Attention,0.48688294663795123,0.24470530327800408,0.2938008346546912,0.8245178041543026,0.0003,8,50
20250404-161859,BiLSTM_Attention,0.4886212256497854,0.24192825334372745,0.29285945994058854,0.8205860534124629,0.0003,8,50
20250404-161859,BiLSTM_Attention,0.5617522196360433,0.2466387447545601,0.3027867771545639,0.8212166172106825,0.0003,8,50
20250404-161859,BiLSTM_Attention,0.4838795797257799,0.240894568664567,0.29181898862056993,0.8220326409495549,0.0003,8,50
20250404-161859,BiLSTM_Attention,0.5352900730943766,0.2490175864562891,0.30383714753677565,0.8248516320474777,0.0003,8,50
20250404-161859,BiLSTM_Attention,0.49169477931647343,0.2613315100761122,0.31535165721104413,0.8250370919881306,0.0003,8,50
20250404-161859,BiLSTM_Attention,0.462535364621828,0.2490618426731644,0.2958034624404581,0.824406528189911,0.0003,8,50
20250404-161859,BiLSTM_Attention,0.5000025518634862,0.2571426986573645,0.3082401550993208,0.8278560830860534,0.0003,8,50
20250404-161859,BiLSTM_Attention,0.4617359620367349,0.262525700875931,0.3112730350676983,0.8256305637982195,0.0003,8,50
20250404-161859,BiLSTM_Attention,0.4702909742567404,0.25753317597267816,0.3074035238630135,0.8211424332344214,0.0003,8,50
20250404-161859,BiLSTM_Attention,0.4826179724100137,0.2537069521538126,0.30248504174501745,0.8249629080118694,0.0003,8,50
20250404-162306,BiLSTM,0.15614653326965722,0.12792480309151322,0.11707917622665273,0.7953635014836795,0.0003,8,50
20250404-162306,BiLSTM,0.15945620159970408,0.14177298066657887,0.14019751023817312,0.8005192878338279,0.0003,8,50
20250404-162306,BiLSTM,0.22430101935970007,0.15922571269949756,0.15899112409400928,0.8053412462908012,0.0003,8,50
20250404-162306,BiLSTM,0.17214834336451112,0.13114434889193782,0.12337801451385316,0.797032640949555,0.0003,8,50
20250404-162306,BiLSTM,0.173574963169344,0.13396311110012682,0.1286041369101481,0.7971439169139466,0.0003,8,50
20250404-162306,BiLSTM,0.1972004062032104,0.1353546526719718,0.13097461961180523,0.7986646884272997,0.0003,8,50
20250404-162306,BiLSTM,0.19792011176992969,0.14116934131173964,0.14146100115832788,0.7945845697329377,0.0003,8,50
20250404-162306,BiLSTM,0.21032128712110343,0.17271675883908613,0.17498645721118894,0.8051186943620178,0.0003,8,50
20250404-162306,BiLSTM,0.19919366010592174,0.13519214953633854,0.13087374955449457,0.7988130563798219,0.0003,8,50
20250404-162306,BiLSTM,0.22709435128338434,0.14045151435808167,0.14022289548259595,0.7998887240356083,0.0003,8,50
20250404-162306,BiLSTM,0.34113006795090944,0.15628972272778113,0.16268426291863927,0.8035237388724036,0.0003,8,50
20250404-162306,BiLSTM,0.2510705370789352,0.15312681753982108,0.15934404752039857,0.8050074183976261,0.0003,8,50
20250404-162306,BiLSTM,0.3994279761261028,0.14952606725895592,0.15521525998447935,0.8018545994065281,0.0003,8,50
20250404-162435,BiLSTM_CRF,0.1357446044946045,0.12515351173063916,0.11109534278697647,0.7938427299703265,0.0003,8,50
20250404-162435,BiLSTM_CRF,0.35111786691624014,0.13908148462286118,0.1384635594889838,0.7999629080118694,0.0003,8,50
20250404-162435,BiLSTM_CRF,0.32645379784938433,0.19937478550224233,0.1755835141299254,0.3586795252225519,0.0003,8,50
20250404-162435,BiLSTM_CRF,0.3615500292750555,0.17886124821606686,0.17609237847068873,0.3240727002967359,0.0003,8,50
20250404-162435,BiLSTM_CRF,0.3776862182155736,0.1649508608526242,0.16548494936497318,0.3021513353115727,0.0003,8,50
20250404-162435,BiLSTM_CRF,0.31472058654436,0.20892502706560978,0.20105401154523067,0.36216617210682495,0.0003,8,50
20250404-162435,BiLSTM_CRF,0.36682746432654456,0.22552895274501572,0.2400868247213101,0.5173590504451039,0.0003,8,50
20250404-162435,BiLSTM_CRF,0.35642685237479826,0.2536926728067106,0.271332477909652,0.5714762611275964,0.0003,8,50
20250404-162435,BiLSTM_CRF,0.3425178027237113,0.25755518565340224,0.2669065848798498,0.5597181008902077,0.0003,8,50
20250404-162435,BiLSTM_CRF,0.3538419306019499,0.2801364290117081,0.2998850260422927,0.6760756676557863,0.0003,8,50
20250404-162435,BiLSTM_CRF,0.3202714576580459,0.2540950195243965,0.24657862484676302,0.3391320474777448,0.0003,8,50
20250404-162435,BiLSTM_CRF,0.347900064597851,0.2975108569309201,0.305709215737701,0.6640949554896143,0.0003,8,50
20250404-162435,BiLSTM_CRF,0.36949355612881285,0.2913580022663508,0.30885412576785687,0.6854970326409495,0.0003,8,50
20250404-162435,BiLSTM_CRF,0.3408170903235787,0.295327638974154,0.3054884263128531,0.7207344213649851,0.0003,8,50
20250404-162435,BiLSTM_CRF,0.37035260652554625,0.31435958642554346,0.32717425219357044,0.7556008902077151,0.0003,8,50
20250404-162435,BiLSTM_CRF,0.3253550192911276,0.31692913990293525,0.31801245103155573,0.7192878338278932,0.0003,8,50
20250404-162435,BiLSTM_CRF,0.37318362066572613,0.3243951801203413,0.34047346447403803,0.7647626112759643,0.0003,8,50
20250404-162435,BiLSTM_CRF,0.378116356628721,0.3034147706993392,0.3236796782712053,0.7477373887240356,0.0003,8,50
20250404-162435,BiLSTM_CRF,0.36773495666651485,0.3011150264750696,0.3148819887990599,0.7268916913946587,0.0003,8,50
20250404-162435,BiLSTM_CRF,0.34958239879694464,0.30622439825406567,0.3170621501859779,0.751446587537092,0.0003,8,50
20250404-162435,BiLSTM_CRF,0.3463590921421972,0.3078760373099295,0.3204711544427067,0.7515207715133532,0.0003,8,50
20250404-162435,BiLSTM_CRF,0.34760157609562803,0.3170745316436603,0.3272773412798378,0.7481454005934718,0.0003,8,50
20250404-163022,BiLSTM_Attention,0.03767681455355486,0.12485948580205254,0.031015143804272886,0.14143175074183975,0.0003,8,50
20250404-163022,BiLSTM_Attention,0.25457252094043575,0.14759000040821776,0.15175370422568474,0.8038575667655786,0.0003,8,50
20250404-163022,BiLSTM_Attention,0.2979589883209336,0.15364296231729482,0.1602766414533198,0.8071216617210683,0.0003,8,50
20250404-163022,BiLSTM_Attention,0.2891361551091275,0.15322058806348893,0.1612313481472295,0.8065652818991098,0.0003,8,50
20250404-163022,BiLSTM_Attention,0.3190332503266843,0.1502836031854033,0.15704674937190852,0.8051928783382789,0.0003,8,50
20250404-163022,BiLSTM_Attention,0.49663360008246493,0.15870368105853835,0.17296765037407696,0.8043768545994066,0.0003,8,50
20250404-163022,BiLSTM_Attention,0.3706696717526767,0.15898173967336604,0.17263045889837833,0.8041913946587537,0.0003,8,50
20250404-163022,BiLSTM_Attention,0.38359250128897915,0.168285061625052,0.18774755242132846,0.8071587537091988,0.0003,8,50
20250404-163022,BiLSTM_Attention,0.40048974073425886,0.16950794101645847,0.19033592482604558,0.8059347181008902,0.0003,8,50
20250404-163022,BiLSTM_Attention,0.3662371417678587,0.1687869214406096,0.18813369855697748,0.8070103857566766,0.0003,8,50
20250404-163022,BiLSTM_Attention,0.42863238439067447,0.18694120599533592,0.2177032408354852,0.8077893175074184,0.0003,8,50
20250404-163022,BiLSTM_Attention,0.41364665632806435,0.18578528480477452,0.2150844183336977,0.8094584569732938,0.0003,8,50
20250404-163022,BiLSTM_Attention,0.4345930854045808,0.2035268564440726,0.23804500239066528,0.8127967359050445,0.0003,8,50
20250404-163022,BiLSTM_Attention,0.40611219477325655,0.182185669584171,0.20518849223839666,0.806973293768546,0.0003,8,50
20250404-163022,BiLSTM_Attention,0.4862970434451701,0.2255564391784055,0.26435699654451933,0.8148367952522255,0.0003,8,50
20250404-163022,BiLSTM_Attention,0.4526337681505951,0.22702927544775436,0.2701408929639313,0.8144287833827893,0.0003,8,50
20250404-163022,BiLSTM_Attention,0.4489530930955404,0.22833719347912607,0.2691065309000079,0.8137982195845698,0.0003,8,50
20250404-163022,BiLSTM_Attention,0.454079347544578,0.24020043203051944,0.2860842895093403,0.8159124629080119,0.0003,8,50
20250404-163022,BiLSTM_Attention,0.43494232183065884,0.22481219942477737,0.26530061482351786,0.8126112759643916,0.0003,8,50
20250404-163022,BiLSTM_Attention,0.4827144511944255,0.22740807544723138,0.27310145897892846,0.8125,0.0003,8,50
20250404-163022,BiLSTM_Attention,0.4672520518904732,0.22774200376747125,0.27111358977555877,0.8130563798219584,0.0003,8,50
20250404-163022,BiLSTM_Attention,0.4288083379002363,0.23902892693073358,0.2816235699403355,0.8141320474777448,0.0003,8,50
20250404-163022,BiLSTM_Attention,0.463921473267843,0.23302314922228215,0.27770798312866296,0.814873887240356,0.0003,8,50
20250404-163358,BiLSTM,0.15621448915439984,0.1364760130396392,0.13250423280755672,0.7981824925816023,0.0003,8,50
20250404-163358,BiLSTM,0.159874348197925,0.1378664581623599,0.13462863350995258,0.8,0.0003,8,50
20250404-163358,BiLSTM,0.19011383537823456,0.1441871142221311,0.14344174906799825,0.8015207715133531,0.0003,8,50
20250404-163358,BiLSTM,0.1761408120896571,0.13467058104211538,0.1298084151680998,0.7968471810089021,0.0003,8,50
20250404-163358,BiLSTM,0.17798954995807675,0.13449427387428198,0.12945886144714588,0.7982937685459941,0.0003,8,50
20250404-163358,BiLSTM,0.2043964155117633,0.16014973992381526,0.16240856620296734,0.8046364985163205,0.0003,8,50
20250404-163358,BiLSTM,0.20775273574937342,0.15503666609989208,0.15731844343305673,0.805786350148368,0.0003,8,50
20250404-163358,BiLSTM,0.21981634232997094,0.1327440599557319,0.12593338165544835,0.7961053412462908,0.0003,8,50
20250404-163358,BiLSTM,0.22121676972675863,0.1364401141631401,0.13314347865399268,0.7986646884272997,0.0003,8,50
20250404-163358,BiLSTM,0.21129492333825334,0.14874456608975814,0.15276993572004977,0.80263353115727,0.0003,8,50
20250404-163358,BiLSTM,0.34804528465360846,0.17173653715354673,0.18052270246013885,0.8067507418397626,0.0003,8,50
20250404-163358,BiLSTM,0.3093503937654523,0.17905547669632813,0.18501047969322634,0.8135014836795252,0.0003,8,50
20250404-163358,BiLSTM,0.27685081689918745,0.15951050747011825,0.1659900270684623,0.8050816023738873,0.0003,8,50
20250404-163358,BiLSTM,0.34221771245094873,0.14823644118109958,0.15236944073156444,0.802893175074184,0.0003,8,50
20250404-163358,BiLSTM,0.2925503500796611,0.1807102293553822,0.188717286431201,0.8124629080118695,0.0003,8,50
20250404-163358,BiLSTM,0.3149410744284482,0.18568046330256807,0.19770762686503043,0.8107566765578635,0.0003,8,50
20250404-163358,BiLSTM,0.3370783600806926,0.16320093209990588,0.17210855238283967,0.806454005934718,0.0003,8,50
20250404-163358,BiLSTM,0.3126252611483825,0.16689394505250757,0.17904234676548833,0.8056008902077151,0.0003,8,50
20250404-163358,BiLSTM,0.3913903420888927,0.18960719248436878,0.2106230002290965,0.8140949554896142,0.0003,8,50
20250404-163358,BiLSTM,0.31644421030119735,0.19481728417642574,0.20912631067282528,0.8108679525222552,0.0003,8,50
20250404-163358,BiLSTM,0.33187777894383264,0.20702148003202833,0.21977102127363135,0.8182121661721068,0.0003,8,50
20250404-163358,BiLSTM,0.3495440310325092,0.18969733770612,0.21295520871933937,0.8124258160237389,0.0003,8,50
20250404-163358,BiLSTM,0.3211505369983386,0.17537458174159504,0.19381723321454347,0.8027818991097923,0.0003,8,50
20250404-163358,BiLSTM,0.3705127632975594,0.17240959011960588,0.19329810578253306,0.8044510385756677,0.0003,8,50
20250404-163358,BiLSTM,0.3728296554043566,0.18151648451419747,0.20460364485614185,0.806454005934718,0.0003,8,50
20250404-163358,BiLSTM,0.3751714083943294,0.1972439325075571,0.22275397351560172,0.810200296735905,0.0003,8,50
20250404-163358,BiLSTM,0.4816877540557864,0.19227219055868902,0.22164332330261136,0.8095697329376854,0.0003,8,50
20250404-163358,BiLSTM,0.39587889155864464,0.18132388699286686,0.20571546524795914,0.805786350148368,0.0003,8,50
20250404-163358,BiLSTM,0.40907083610584605,0.2161246733862973,0.24124958924126888,0.8163204747774481,0.0003,8,50
20250404-163358,BiLSTM,0.36580244824205377,0.19131953231947,0.21750082131427598,0.8069362017804155,0.0003,8,50
20250404-163358,BiLSTM,0.390886166729814,0.20346361373754954,0.22940629900399653,0.8109421364985163,0.0003,8,50
20250404-163358,BiLSTM,0.41976993503469906,0.2027672350628353,0.23173605308276232,0.8114985163204748,0.0003,8,50
20250404-163358,BiLSTM,0.41996436910538887,0.21424772232224085,0.2492799346245379,0.8117210682492582,0.0003,8,50
20250404-163358,BiLSTM,0.472923178171621,0.20279834709247208,0.24005967224816838,0.8068620178041543,0.0003,8,50
20250404-163358,BiLSTM,0.4230806242071955,0.24518588960078025,0.2721167007708927,0.8191023738872404,0.0003,8,50
20250404-163358,BiLSTM,0.42317132099159627,0.21022550384232003,0.2465350831939908,0.8079747774480712,0.0003,8,50
20250404-163358,BiLSTM,0.4254076595642595,0.2049542918923805,0.2398823451112507,0.8106824925816024,0.0003,8,50
20250404-163358,BiLSTM,0.41681847701886426,0.19003634105691844,0.22040161483861911,0.804933234421365,0.0003,8,50
20250404-163358,BiLSTM,0.4360341011403559,0.21403653823787072,0.24874082218343074,0.8106083086053413,0.0003,8,50
20250404-163358,BiLSTM,0.43513833940980395,0.2036391796081118,0.2380653155252166,0.80986646884273,0.0003,8,50
20250404-164209,BiLSTM_CRF,0.22426920651407797,0.12509832197168327,0.11085502345346214,0.7941765578635015,0.0003,8,50
20250404-164209,BiLSTM_CRF,0.23298642196359293,0.1282838163241543,0.11756031169876997,0.7964391691394659,0.0003,8,50
20250404-164209,BiLSTM_CRF,0.24753368754485644,0.09891728327418908,0.08351555423896168,0.1738501483679525,0.0003,8,50
20250404-164209,BiLSTM_CRF,0.4344693943723809,0.20561478151412674,0.22736896250745542,0.7565281899109793,0.0003,8,50
20250404-164209,BiLSTM_CRF,0.4035324717752484,0.19850668569025912,0.16197406830389474,0.22370178041543026,0.0003,8,50
20250404-164209,BiLSTM_CRF,0.32858602166188033,0.21985301036819316,0.2236564744365805,0.4959940652818991,0.0003,8,50
20250404-164209,BiLSTM_CRF,0.3434059009015302,0.2413150179993279,0.25971292358185627,0.6599406528189911,0.0003,8,50
20250404-164209,BiLSTM_CRF,0.3690360883563908,0.2565536724010371,0.27814038848133227,0.6941765578635015,0.0003,8,50
20250404-164209,BiLSTM_CRF,0.34145550976351907,0.2866540178677323,0.29629727494499913,0.7137240356083087,0.0003,8,50
20250404-164209,BiLSTM_CRF,0.3411958659541316,0.2976744730892674,0.30370666642607513,0.7021513353115727,0.0003,8,50
20250404-164209,BiLSTM_CRF,0.37334794282399375,0.2547928093939384,0.28531810476198405,0.7610163204747774,0.0003,8,50
20250404-164209,BiLSTM_CRF,0.3689005917708537,0.2870575671306263,0.31135788201723036,0.7561201780415431,0.0003,8,50
20250404-164209,BiLSTM_CRF,0.36786022403223906,0.30351028210512476,0.32564135397904825,0.7709940652818991,0.0003,8,50
20250404-164209,BiLSTM_CRF,0.38524984693040215,0.29790306226894475,0.3290297210177838,0.7789688427299704,0.0003,8,50
20250404-164209,BiLSTM_CRF,0.3673850292148889,0.3092168259792084,0.33064316919876235,0.7634643916913947,0.0003,8,50
20250404-164209,BiLSTM_CRF,0.3471526944326967,0.3134728328721074,0.3239227676371875,0.7567878338278932,0.0003,8,50
20250404-164209,BiLSTM_CRF,0.3529021293456262,0.29504381926869583,0.3168656064616936,0.770660237388724,0.0003,8,50
20250404-164209,BiLSTM_CRF,0.3642139594100361,0.3022883683966613,0.32556563133511834,0.7714391691394659,0.0003,8,50
20250404-164209,BiLSTM_CRF,0.3420092532767094,0.31018144398084185,0.3194038085002249,0.7478115727002967,0.0003,8,50
20250404-164209,BiLSTM_CRF,0.3467552313891244,0.30491072361236216,0.31915873458362937,0.7595326409495549,0.0003,8,50
20250404-164722,BiLSTM_Attention,0.1686653616551677,0.14456628975597732,0.1441265813381865,0.807826409495549,0.0003,8,50
20250404-164722,BiLSTM_Attention,0.2613887049859319,0.14759868209884366,0.15098159280754764,0.8054154302670623,0.0003,8,50
20250404-164722,BiLSTM_Attention,0.3196964754299829,0.14576122866704605,0.1484824635308472,0.8051928783382789,0.0003,8,50
20250404-164722,BiLSTM_Attention,0.26124740423363196,0.15424275883498673,0.1610853158187818,0.8094955489614243,0.0003,8,50
20250404-164722,BiLSTM_Attention,0.33639930929916195,0.1536965315378188,0.1638955466994241,0.8044510385756677,0.0003,8,50
20250404-164722,BiLSTM_Attention,0.3298718180557427,0.15476362179240863,0.16490155424952466,0.8061572700296736,0.0003,8,50
20250404-164722,BiLSTM_Attention,0.39612611317460117,0.16801021810528993,0.18656030872622487,0.8085311572700297,0.0003,8,50
20250404-164722,BiLSTM_Attention,0.47777514305439345,0.16521256553285746,0.1825654545968456,0.8093100890207715,0.0003,8,50
20250404-164722,BiLSTM_Attention,0.3866996570377162,0.17426976369973682,0.1966970301698438,0.8088649851632047,0.0003,8,50
20250404-164722,BiLSTM_Attention,0.5223665710025768,0.19019139393475468,0.21623957386254117,0.8127596439169139,0.0003,8,50
20250404-164722,BiLSTM_Attention,0.3797947615634998,0.16284198973660605,0.1795552897334713,0.8074925816023739,0.0003,8,50
20250404-164722,BiLSTM_Attention,0.46832639711905577,0.19417350927629512,0.22640756866724762,0.814206231454006,0.0003,8,50
20250404-164722,BiLSTM_Attention,0.5599283377098017,0.19642470773840404,0.23221504671426,0.8107566765578635,0.0003,8,50
20250404-164722,BiLSTM_Attention,0.46617026043804,0.21711578844502494,0.2607122909517012,0.8122032640949555,0.0003,8,50
20250404-164722,BiLSTM_Attention,0.4782812964500165,0.21624802182604408,0.2573458733781126,0.8209940652818991,0.0003,8,50
20250404-164722,BiLSTM_Attention,0.472636335657603,0.21281519402516422,0.25231293695061163,0.8126854599406528,0.0003,8,50
20250404-164722,BiLSTM_Attention,0.45349984176850916,0.2340924584066637,0.27692070918662964,0.8182863501483679,0.0003,8,50
20250404-164722,BiLSTM_Attention,0.48199646933899243,0.24360586590332461,0.290415181668259,0.8192878338278932,0.0003,8,50
20250404-164722,BiLSTM_Attention,0.4890871977076978,0.2418682209762651,0.2899454606476462,0.817692878338279,0.0003,8,50
20250404-164722,BiLSTM_Attention,0.5073976134379958,0.2342046166230319,0.2810746935633117,0.8223293768545994,0.0003,8,50
20250404-164722,BiLSTM_Attention,0.49023752689023886,0.24640857190721682,0.292778278180095,0.8257047477744807,0.0003,8,50
20250404-164722,BiLSTM_Attention,0.48221053514612044,0.25779658481412515,0.29713998536970904,0.8166913946587537,0.0003,8,50
20250404-164722,BiLSTM_Attention,0.47304657464613975,0.25930817333634903,0.3046654978927327,0.8181750741839763,0.0003,8,50
20250404-164722,BiLSTM_Attention,0.48795873148575736,0.2551602745867887,0.30134435498851264,0.8231083086053412,0.0003,8,50
20250404-164722,BiLSTM_Attention,0.4745632303186038,0.2427507897813594,0.2908671665101055,0.8248887240356083,0.0003,8,50
20250404-164722,BiLSTM_Attention,0.43073324732458695,0.24741595383903875,0.28972175421728086,0.8248887240356083,0.0003,8,50
20250404-164722,BiLSTM_Attention,0.45261124345138093,0.2546955343144344,0.29691339008515416,0.8216988130563798,0.0003,8,50
20250404-164722,BiLSTM_Attention,0.44914460233484554,0.24094093366615538,0.2854664315250668,0.8191023738872404,0.0003,8,50
20250404-165145,BiLSTM,0.15790907277571975,0.1288989842414423,0.11907510351150308,0.7957344213649852,0.0003,8,50
20250404-165145,BiLSTM,0.1592573102695547,0.1426614577087169,0.1412968089513037,0.8013724035608308,0.0003,8,50
20250404-165145,BiLSTM,0.22145906377436086,0.1394926962891833,0.137152158041738,0.8004451038575667,0.0003,8,50
20250404-165145,BiLSTM,0.2306333093604382,0.1504505912492685,0.15196887613876753,0.8038204747774481,0.0003,8,50
20250404-165145,BiLSTM,0.22073884059340954,0.14692901526363591,0.14933367335541534,0.8034495548961424,0.0003,8,50
20250404-165145,BiLSTM,0.23289979394093682,0.18997329408059133,0.18573919840398737,0.8085682492581603,0.0003,8,50
20250404-165145,BiLSTM,0.2203514454021096,0.1356913448194411,0.1318705572544388,0.798887240356083,0.0003,8,50
20250404-165145,BiLSTM,0.20968362990684367,0.13969124657532098,0.13908794037692046,0.7968471810089021,0.0003,8,50
20250404-165145,BiLSTM,0.23852176441683112,0.1668478379037256,0.1761778944566959,0.8087908011869436,0.0003,8,50
20250404-165145,BiLSTM,0.27391738203140525,0.14680167015086243,0.1504100832485484,0.8017433234421365,0.0003,8,50
20250404-165145,BiLSTM,0.2716693886731195,0.15381668323519126,0.15864247450700142,0.8039317507418398,0.0003,8,50
20250404-165300,BiLSTM_CRF,0.15144277059201644,0.13871955864555335,0.13620980814261208,0.7908753709198814,0.0003,8,50
20250404-165300,BiLSTM_CRF,0.33994764778756004,0.14624341298910007,0.14831830831272128,0.7827151335311573,0.0003,8,50
20250404-165300,BiLSTM_CRF,0.2792514768855447,0.16209903340263662,0.1753379607428201,0.7613501483679526,0.0003,8,50
20250404-165300,BiLSTM_CRF,0.2502891325965428,0.1536386339241343,0.13358681972027325,0.2093100890207715,0.0003,8,50
20250404-165300,BiLSTM_CRF,0.3069204352811019,0.21825074163654803,0.20445877232190035,0.3698813056379822,0.0003,8,50
20250404-165300,BiLSTM_CRF,0.3110942221638432,0.22154012816870444,0.21599982776102888,0.3930637982195846,0.0003,8,50
20250404-165300,BiLSTM_CRF,0.33034356694844785,0.2317524491384419,0.2325778597590757,0.40712166172106823,0.0003,8,50
20250404-165300,BiLSTM_CRF,0.28098486810439643,0.22556433564679662,0.19912499713888962,0.2612759643916914,0.0003,8,50
20250404-165300,BiLSTM_CRF,0.2731776241673659,0.2204696524462827,0.19121259580083813,0.25344955489614246,0.0003,8,50
20250404-165300,BiLSTM_CRF,0.27819368604399064,0.23781665744334354,0.21453990902815337,0.34922106824925814,0.0003,8,50
20250404-165300,BiLSTM_CRF,0.2760601121831898,0.21353535680376334,0.20069878873370012,0.3118694362017804,0.0003,8,50
20250404-165300,BiLSTM_CRF,0.3002005630658372,0.26035936313998065,0.2573074190687587,0.46335311572700294,0.0003,8,50
20250404-165300,BiLSTM_CRF,0.2995213815575013,0.25584059571437534,0.25316278610560666,0.4576038575667656,0.0003,8,50
20250404-165300,BiLSTM_CRF,0.3090588485441584,0.2548706665242625,0.24942873404100746,0.4013353115727003,0.0003,8,50
20250404-165300,BiLSTM_CRF,0.30004304213861455,0.26465449224439214,0.262383900180123,0.48898367952522254,0.0003,8,50
20250404-165300,BiLSTM_CRF,0.29000806148307656,0.272148615143532,0.249715960222179,0.3802299703264095,0.0003,8,50
20250404-165300,BiLSTM_CRF,0.2719377681067259,0.2419946292506114,0.22725408277733566,0.2984421364985163,0.0003,8,50
20250404-165300,BiLSTM_CRF,0.28473240118209053,0.25622624790597354,0.24554041221666834,0.4216988130563798,0.0003,8,50
20250404-165300,BiLSTM_CRF,0.2936407209284937,0.2724836221839475,0.2746499461236351,0.5801928783382789,0.0003,8,50
20250404-165300,BiLSTM_CRF,0.2944469874676761,0.2529968388149331,0.2535611245063851,0.48252967359050447,0.0003,8,50
20250404-165300,BiLSTM_CRF,0.2668799999529774,0.24961056555951067,0.2365413045281425,0.43364243323442137,0.0003,8,50
20250404-165300,BiLSTM_CRF,0.29635477025248746,0.26383628017326005,0.2647014261233966,0.5561572700296736,0.0003,8,50
20250404-165300,BiLSTM_CRF,0.27120300985785734,0.23817409117019767,0.22851584409530767,0.37793026706231453,0.0003,8,50
20250404-165300,BiLSTM_CRF,0.2816832994045986,0.2502090949969316,0.24106698626340642,0.3913946587537092,0.0003,8,50
20250404-165929,BiLSTM_Attention,0.22429130644502987,0.12529496591504982,0.11126080672348669,0.7943991097922849,0.0003,8,50
20250404-165929,BiLSTM_Attention,0.2769446215564102,0.1433038780315896,0.14502587537576053,0.8021884272997033,0.0003,8,50
20250404-165929,BiLSTM_Attention,0.39261023257913685,0.14716264927125397,0.15043080324233005,0.8058234421364985,0.0003,8,50
20250404-165929,BiLSTM_Attention,0.33328298675996293,0.1476508363497825,0.15319888747948995,0.8048219584569732,0.0003,8,50
20250404-165929,BiLSTM_Attention,0.32840569687380256,0.1521859639324598,0.16096539520351233,0.8056008902077151,0.0003,8,50
20250404-165929,BiLSTM_Attention,0.367613258459039,0.158799980461535,0.17218233612952463,0.8046364985163205,0.0003,8,50
20250404-165929,BiLSTM_Attention,0.5571619075243719,0.17575557936087421,0.20075059251903254,0.8100519287833828,0.0003,8,50
20250404-165929,BiLSTM_Attention,0.36398346481209465,0.16573543177268482,0.1823002290127315,0.8089391691394658,0.0003,8,50
20250404-165929,BiLSTM_Attention,0.446857602747694,0.184769775415635,0.21316151982241954,0.8105712166172107,0.0003,8,50
20250404-165929,BiLSTM_Attention,0.47701773728610214,0.1790112749420713,0.20616780691199527,0.8098293768545994,0.0003,8,50
20250404-165929,BiLSTM_Attention,0.5411248655192072,0.2088489491742973,0.24805070057814738,0.814799703264095,0.0003,8,50
20250404-165929,BiLSTM_Attention,0.5145005245120793,0.2116181987660224,0.25465418172046406,0.8149851632047478,0.0003,8,50
20250404-165929,BiLSTM_Attention,0.47218649227323556,0.22941853047059757,0.27360661101331984,0.815986646884273,0.0003,8,50
20250404-165929,BiLSTM_Attention,0.516895298473486,0.22390086762349942,0.26950592745874086,0.8161350148367953,0.0003,8,50
20250404-165929,BiLSTM_Attention,0.502329935932787,0.23113567372198585,0.2787140778212116,0.8155415430267062,0.0003,8,50
20250404-165929,BiLSTM_Attention,0.5049653631777312,0.23299326495314074,0.2743100202610866,0.8206973293768546,0.0003,8,50
20250404-165929,BiLSTM_Attention,0.458682762194947,0.2327059620612652,0.2761680553101613,0.8165430267062315,0.0003,8,50
20250404-165929,BiLSTM_Attention,0.5275416884419427,0.2456545453447314,0.29965457623075364,0.8174703264094956,0.0003,8,50
20250404-165929,BiLSTM_Attention,0.47923999718312743,0.2566936210107655,0.3083595856253308,0.8225519287833828,0.0003,8,50
20250404-165929,BiLSTM_Attention,0.4736023055180638,0.2545857058309084,0.3018970338307166,0.8241097922848665,0.0003,8,50
20250404-165929,BiLSTM_Attention,0.5111433514186388,0.24742282279556285,0.2958836736136271,0.8186572700296736,0.0003,8,50
20250404-165929,BiLSTM_Attention,0.5003193222588933,0.25375637638498194,0.3039136130413552,0.8209940652818991,0.0003,8,50
20250404-165929,BiLSTM_Attention,0.4782333211066879,0.25219486514499706,0.29854842364048634,0.8237759643916914,0.0003,8,50
20250404-165929,BiLSTM_Attention,0.45127144066247316,0.25652039135426,0.3033358847158271,0.8163946587537092,0.0003,8,50
20250404-170332,BiLSTM,0.15517544422621943,0.12936403871681157,0.12009950350327073,0.7954376854599406,0.0003,8,50
20250404-170332,BiLSTM,0.16067074930399283,0.15466431325899466,0.1545132731222697,0.8031899109792285,0.0003,8,50
20250404-170332,BiLSTM,0.19631460288864094,0.17759032008668646,0.17158136434243593,0.8089020771513353,0.0003,8,50
20250404-170332,BiLSTM,0.18315226508914528,0.1622527967284821,0.16145451914242984,0.8057492581602373,0.0003,8,50
20250404-170332,BiLSTM,0.17875326823590448,0.13477771837456387,0.13007384954475826,0.7977373887240357,0.0003,8,50
20250404-170332,BiLSTM,0.20166846820201453,0.15966871149370365,0.16147957672283886,0.8044510385756677,0.0003,8,50
20250404-170332,BiLSTM,0.22851422452314857,0.14695539752577183,0.1507205926554948,0.7960311572700297,0.0003,8,50
20250404-170332,BiLSTM,0.21141926624500956,0.1727253981556224,0.17685314946787017,0.8066023738872403,0.0003,8,50
20250404-170332,BiLSTM,0.22378653343868082,0.17508172222326124,0.17793754912630289,0.8087166172106824,0.0003,8,50
20250404-170332,BiLSTM,0.21858941986628366,0.13899484824168507,0.13731442035542551,0.800593471810089,0.0003,8,50
20250404-170332,BiLSTM,0.2274984999475821,0.17690194953517255,0.1842287621381562,0.8063798219584569,0.0003,8,50
20250404-170332,BiLSTM,0.2614167624737821,0.14964906038358894,0.1555460051872031,0.8006305637982196,0.0003,8,50
20250404-170332,BiLSTM,0.27201395277109625,0.17350608985613936,0.18170084876051268,0.8086795252225519,0.0003,8,50
20250404-170332,BiLSTM,0.30157488499646146,0.16232479885349488,0.1759264331410325,0.8012611275964392,0.0003,8,50
20250404-170332,BiLSTM,0.36075236831355706,0.16120933548792568,0.17462241251605043,0.8029673590504451,0.0003,8,50
20250404-170332,BiLSTM,0.35146659681368847,0.21195579441617254,0.2248284034311686,0.8158753709198813,0.0003,8,50
20250404-170332,BiLSTM,0.49080157155421067,0.1852292098906815,0.20446515086019024,0.8089762611275965,0.0003,8,50
20250404-170332,BiLSTM,0.34032071487983373,0.19071233285947625,0.20841591524136704,0.8100519287833828,0.0003,8,50
20250404-170332,BiLSTM,0.32949987654415946,0.20326981478103462,0.21621304171562353,0.8178783382789317,0.0003,8,50
20250404-170332,BiLSTM,0.3177182354889483,0.18462475694700933,0.2017745024143132,0.8113872403560831,0.0003,8,50
20250404-170332,BiLSTM,0.3348366300182811,0.2147935816515461,0.23221976529166874,0.815986646884273,0.0003,8,50
20250404-170332,BiLSTM,0.3430392229427393,0.19901113930948988,0.20756544154606543,0.8133160237388724,0.0003,8,50
20250404-170332,BiLSTM,0.3739992859096639,0.17548061768333909,0.19562450600671524,0.8024480712166172,0.0003,8,50
20250404-170332,BiLSTM,0.39997256627663447,0.16868963480564406,0.18696881214539104,0.8021884272997033,0.0003,8,50
20250404-170332,BiLSTM,0.44134890846070823,0.1988543083270925,0.22509769136379149,0.810793768545994,0.0003,8,50
20250404-170332,BiLSTM,0.5219903635644245,0.19193342221925147,0.22153520123834894,0.8080118694362017,0.0003,8,50
20250404-170632,BiLSTM_CRF,0.07460938632147929,0.11751803843208446,0.0372100737249797,0.15433976261127597,0.0003,8,50
20250404-170632,BiLSTM_CRF,0.2923107174698725,0.15917854836975726,0.16077661354456724,0.781120178041543,0.0003,8,50
20250404-170632,BiLSTM_CRF,0.49326384178482424,0.172799871815176,0.1940167755466215,0.7837166172106825,0.0003,8,50
20250404-170632,BiLSTM_CRF,0.35885034192043286,0.16727511522733612,0.17631463434912992,0.40318991097922846,0.0003,8,50
20250404-170632,BiLSTM_CRF,0.3276949685222721,0.19751844480241815,0.16215473168229638,0.1922106824925816,0.0003,8,50
20250404-170632,BiLSTM_CRF,0.30093736487340683,0.18540415281372247,0.18347052948456816,0.25548961424332345,0.0003,8,50
20250404-170632,BiLSTM_CRF,0.29898453037822714,0.20543269619229443,0.20076214981445875,0.32841246290801185,0.0003,8,50
20250404-170632,BiLSTM_CRF,0.28499919523940925,0.21178124477738633,0.1983737783685381,0.27403560830860535,0.0003,8,50
20250404-170632,BiLSTM_CRF,0.336474341651707,0.2640914163227449,0.2721705158592228,0.6195103857566766,0.0003,8,50
20250404-170632,BiLSTM_CRF,0.3127179712413708,0.24182342928655343,0.2503942157466094,0.5400964391691395,0.0003,8,50
20250404-170632,BiLSTM_CRF,0.3134670234609205,0.2741853414669712,0.26982299189165126,0.5727744807121662,0.0003,8,50
20250404-170632,BiLSTM_CRF,0.3151883961795539,0.292109189811121,0.29466922504486637,0.6954747774480712,0.0003,8,50
20250404-170632,BiLSTM_CRF,0.32012424711226045,0.3038639718213073,0.305082025722195,0.7320474777448072,0.0003,8,50
20250404-170632,BiLSTM_CRF,0.31148191070650144,0.2965728053061058,0.2976344202646073,0.7019287833827893,0.0003,8,50
20250404-170632,BiLSTM_CRF,0.33401339048203155,0.29001970965422147,0.30582201976961176,0.7557492581602374,0.0003,8,50
20250404-170632,BiLSTM_CRF,0.3400727426219574,0.30023038009529496,0.3142479373615703,0.7416172106824925,0.0003,8,50
20250404-170632,BiLSTM_CRF,0.3242253734291323,0.30270148538322733,0.3086461562188908,0.7367952522255193,0.0003,8,50
20250404-170632,BiLSTM_CRF,0.3397020423690146,0.3143893601239919,0.3215790743241493,0.7314169139465876,0.0003,8,50
20250404-170632,BiLSTM_CRF,0.3261712183460486,0.30626817798272404,0.31492930814122394,0.761572700296736,0.0003,8,50
20250404-170632,BiLSTM_CRF,0.33936006383729916,0.29742710834731734,0.3124989641632192,0.7552299703264095,0.0003,8,50
20250404-170632,BiLSTM_CRF,0.32656269311519937,0.31154646221905946,0.3142407725311531,0.7291543026706232,0.0003,8,50
20250404-170632,BiLSTM_CRF,0.32533016534929526,0.3104148710117882,0.3127618325337002,0.7353857566765578,0.0003,8,50
20250404-170632,BiLSTM_CRF,0.3450424144065495,0.31928026785760827,0.3226666260135885,0.7077893175074184,0.0003,8,50
20250404-170632,BiLSTM_CRF,0.32243064566022667,0.2908147748912122,0.3020160737933747,0.7419139465875371,0.0003,8,50
20250404-170632,BiLSTM_CRF,0.3575965256621063,0.30190754388115526,0.3169438647825279,0.7488501483679525,0.0003,8,50
20250404-170632,BiLSTM_CRF,0.34877648299637876,0.3150201873092484,0.3235617634725154,0.734532640949555,0.0003,8,50
20250404-170632,BiLSTM_CRF,0.3241598915844811,0.30720144890169226,0.3126484227059454,0.7544881305637983,0.0003,8,50
20250404-170632,BiLSTM_CRF,0.3348566674287457,0.3237093007491845,0.325156193415245,0.749146884272997,0.0003,8,50
20250404-170632,BiLSTM_CRF,0.3361199823174174,0.3232663103937617,0.3255728336721719,0.7511127596439169,0.0003,8,50
20250404-170632,BiLSTM_CRF,0.32507138532896024,0.32089080752873156,0.3201389141366154,0.7413575667655786,0.0003,8,50
20250404-170632,BiLSTM_CRF,0.3556250396143329,0.3355647479690954,0.33846529790459057,0.7649109792284866,0.0003,8,50
20250404-170632,BiLSTM_CRF,0.33631072750206426,0.32404179180802206,0.3240376014400306,0.7643545994065282,0.0003,8,50
20250404-170632,BiLSTM_CRF,0.33309316972251,0.32403754937693885,0.32357995938912193,0.7336053412462908,0.0003,8,50
20250404-170632,BiLSTM_CRF,0.34595006027667713,0.31359561342499925,0.3173444215784222,0.7484050445103858,0.0003,8,50
20250404-170632,BiLSTM_CRF,0.3475317956680025,0.3316369098236392,0.3315013755365536,0.7715875370919881,0.0003,8,50
20250404-170632,BiLSTM_CRF,0.34869123879375274,0.32344719245345593,0.3310066397517079,0.7757789317507419,0.0003,8,50
20250404-171740,BiLSTM_Attention,0.30159446332001144,0.13547541459825307,0.13099382851145983,0.801446587537092,0.0003,8,50
20250404-171740,BiLSTM_Attention,0.25364608626490076,0.1554367516694956,0.16238040293906802,0.8063798219584569,0.0003,8,50
20250404-171740,BiLSTM_Attention,0.42330064431322867,0.14385161983267547,0.14582450215407766,0.7981454005934718,0.0003,8,50
20250404-171740,BiLSTM_Attention,0.3405653144028495,0.14305850318796645,0.14523150163878865,0.8018916913946588,0.0003,8,50
20250404-171740,BiLSTM_Attention,0.35112473719848064,0.16509336823801507,0.18096732892514536,0.8089391691394658,0.0003,8,50
20250404-171740,BiLSTM_Attention,0.5496599382537719,0.14730312581232696,0.15386254048610704,0.799406528189911,0.0003,8,50
20250404-171740,BiLSTM_Attention,0.5088819390541244,0.16229119643052364,0.18024572902031294,0.8037833827893175,0.0003,8,50
20250404-171740,BiLSTM_Attention,0.3864048025371174,0.1850424227304881,0.21172582209952862,0.8099777448071217,0.0003,8,50
20250404-171740,BiLSTM_Attention,0.3897802642866977,0.16969906310646687,0.19069576598271548,0.8066394658753709,0.0003,8,50
20250404-171740,BiLSTM_Attention,0.4550792669708844,0.19106835653459706,0.22402935085183048,0.8109050445103858,0.0003,8,50
20250404-171740,BiLSTM_Attention,0.4732437150993948,0.1888010969195332,0.22184882904340353,0.8085311572700297,0.0003,8,50
20250404-171740,BiLSTM_Attention,0.5158723576277668,0.17189103115978466,0.19434588519269863,0.8059347181008902,0.0003,8,50
20250404-171740,BiLSTM_Attention,0.47093727435617094,0.1980974590857028,0.23234099491217797,0.815727002967359,0.0003,8,50
20250404-171740,BiLSTM_Attention,0.4711730382789526,0.20039245232816008,0.23398687833433288,0.815393175074184,0.0003,8,50
20250404-171740,BiLSTM_Attention,0.528722316424072,0.20726963157130332,0.2445455380896462,0.8096810089020772,0.0003,8,50
20250404-171740,BiLSTM_Attention,0.49491753774004343,0.20717756710950694,0.23838821524447604,0.8147626112759644,0.0003,8,50
20250404-171740,BiLSTM_Attention,0.4513481745666838,0.21643160594002778,0.2536972478194849,0.8132418397626113,0.0003,8,50
20250404-171740,BiLSTM_Attention,0.4196275554122215,0.20585081112374654,0.24174352281243378,0.8127596439169139,0.0003,8,50
20250404-171740,BiLSTM_Attention,0.4379173211419119,0.21942867525188275,0.25840970275694347,0.8122774480712166,0.0003,8,50
20250404-171740,BiLSTM_Attention,0.48327942728566375,0.21250940063547427,0.2443145497175943,0.8086053412462908,0.0003,8,50
20250404-171740,BiLSTM_Attention,0.478884121911058,0.23256579765314178,0.27663182705725303,0.820919881305638,0.0003,8,50
20250404-171740,BiLSTM_Attention,0.4377851497583708,0.24040539789669127,0.2812163997946082,0.8205489614243323,0.0003,8,50
20250404-171740,BiLSTM_Attention,0.4611643851492054,0.24200024877560364,0.2872174109062685,0.8178783382789317,0.0003,8,50
20250404-171740,BiLSTM_Attention,0.5243207704282342,0.24415410693279277,0.2809721388543199,0.8178041543026706,0.0003,8,50
20250404-171740,BiLSTM_Attention,0.47950461240956715,0.2411040898930451,0.28788581983334494,0.819213649851632,0.0003,8,50
20250404-171740,BiLSTM_Attention,0.4416213976265966,0.25114308521259104,0.28961906578063307,0.8151706231454006,0.0003,8,50
20250404-171740,BiLSTM_Attention,0.47436925468744046,0.2580712999455565,0.29461007494708547,0.8142804154302671,0.0003,8,50
20250404-171740,BiLSTM_Attention,0.47835436169870077,0.2545342933392513,0.3019338332775469,0.8195845697329377,0.0003,8,50
20250404-171740,BiLSTM_Attention,0.5268030511792986,0.24550719247271946,0.2892364162657187,0.8231824925816024,0.0003,8,50
20250404-171740,BiLSTM_Attention,0.4820927564914632,0.25618991468103514,0.303061622715864,0.818879821958457,0.0003,8,50
20250404-171740,BiLSTM_Attention,0.4593625348840005,0.24379984807555283,0.28424785332896413,0.8208827893175075,0.0003,8,50
20250404-171740,BiLSTM_Attention,0.46748078836580226,0.25944491126084657,0.30608009557158045,0.8214762611275964,0.0003,8,50
20250404-171740,BiLSTM_Attention,0.47988749246225937,0.2560488576669669,0.2964378687337311,0.8178783382789317,0.0003,8,50
20250404-171740,BiLSTM_Attention,0.4451675487646267,0.26096210925793467,0.3071575233922127,0.8228115727002967,0.0003,8,50
20250404-171740,BiLSTM_Attention,0.44801454789823053,0.26411864443772026,0.30439151780619894,0.8193620178041543,0.0003,8,50
20250404-171740,BiLSTM_Attention,0.44390207547146865,0.2666146740230848,0.3088025813432452,0.8209569732937686,0.0003,8,50
20250404-171740,BiLSTM_Attention,0.473229685094404,0.2757911685018954,0.3230645238072136,0.8211795252225519,0.0003,8,50
20250404-171740,BiLSTM_Attention,0.47259866440689835,0.2679158111338312,0.3069350514599001,0.8202151335311573,0.0003,8,50
20250404-171740,BiLSTM_Attention,0.46782460655691693,0.2583190908805619,0.30338448474752056,0.8169510385756676,0.0003,8,50
20250404-171740,BiLSTM_Attention,0.43727988285588393,0.27632876950133567,0.3206150008877325,0.8224777448071217,0.0003,8,50
20250404-171740,BiLSTM_Attention,0.47323170866363107,0.2659447339481341,0.31072064992933085,0.8183234421364985,0.0003,8,50
20250404-171740,BiLSTM_Attention,0.4620026157361773,0.27764317396660904,0.32212125710914963,0.8197700296735905,0.0003,8,50
20250404-172632,BiLSTM,0.15618885087973614,0.1438648761437094,0.14262076707908194,0.7997774480712166,0.0003,8,50
20250404-172632,BiLSTM,0.15883731862353567,0.1490460049828223,0.14873129122886358,0.8018916913946588,0.0003,8,50
20250404-172632,BiLSTM,0.1590114701363473,0.1322157555644259,0.12528335990464573,0.7978115727002968,0.0003,8,50
20250404-172632,BiLSTM,0.15512576682358498,0.1393706814511167,0.1367185290649487,0.7987759643916914,0.0003,8,50
20250404-172632,BiLSTM,0.2091431314584384,0.1580206604734234,0.1592696444434064,0.803486646884273,0.0003,8,50
20250404-172632,BiLSTM,0.21343602661868377,0.1634942286119507,0.1662920897255669,0.80263353115727,0.0003,8,50
20250404-172632,BiLSTM,0.34788973690783853,0.18601568714095196,0.1838699947305328,0.8115727002967359,0.0003,8,50
20250404-172632,BiLSTM,0.2980841335109781,0.14020010252242893,0.139833283708057,0.7994436201780415,0.0003,8,50
20250404-172632,BiLSTM,0.26058759176744795,0.20141003275449795,0.20218681732225466,0.8108308605341247,0.0003,8,50
20250404-172632,BiLSTM,0.2989361495359642,0.18123559708175283,0.1826957335046353,0.8072329376854599,0.0003,8,50
20250404-172632,BiLSTM,0.2919931387160659,0.18910138936186816,0.1953627305717797,0.8059718100890207,0.0003,8,50
20250404-172632,BiLSTM,0.29571010112122154,0.1531389893508404,0.16001905515177395,0.8031157270029674,0.0003,8,50
20250404-172632,BiLSTM,0.32362790801259456,0.15652298413301016,0.16698635119656338,0.8018175074183976,0.0003,8,50
20250404-172632,BiLSTM,0.30040586471284014,0.18824879607526945,0.19619897416787385,0.8129080118694362,0.0003,8,50
20250404-172811,BiLSTM_CRF,0.09960281302136906,0.07695500736918312,0.039045679583354025,0.14903560830860535,0.0003,8,50
20250404-172811,BiLSTM_CRF,0.33877836369240355,0.13862525406284118,0.13836438828188308,0.7905044510385757,0.0003,8,50
20250404-172811,BiLSTM_CRF,0.3504628969332615,0.12742064043981785,0.10917945565771398,0.16112759643916913,0.0003,8,50
20250404-172811,BiLSTM_CRF,0.33401283385436503,0.1724522594580175,0.19034414986062853,0.7156899109792285,0.0003,8,50
20250404-172811,BiLSTM_CRF,0.4250765580589608,0.1831861142390282,0.1720837926390412,0.1949925816023739,0.0003,8,50
20250404-172811,BiLSTM_CRF,0.31948504200443784,0.20632080402674507,0.19417800829972842,0.19183976261127597,0.0003,8,50
20250404-172811,BiLSTM_CRF,0.3603769242407794,0.22546163967926675,0.21738151227014976,0.2695103857566766,0.0003,8,50
20250404-172811,BiLSTM_CRF,0.29988300100450976,0.23165104691497207,0.1956654528109527,0.18227002967359052,0.0003,8,50
20250404-172811,BiLSTM_CRF,0.30890194595904225,0.21450416191865332,0.21731195523458444,0.28290059347181007,0.0003,8,50
20250404-172811,BiLSTM_CRF,0.3282809523529572,0.19633043290991578,0.2064796740200326,0.2627225519287834,0.0003,8,50
20250404-172811,BiLSTM_CRF,0.30579599283805436,0.23097483869085167,0.23099656659804474,0.23542284866468843,0.0003,8,50
20250404-172811,BiLSTM_CRF,0.26184832566838,0.23175655276311458,0.20885306151600186,0.24658753709198813,0.0003,8,50
20250404-172811,BiLSTM_CRF,0.2974992970345707,0.2191293159468266,0.2202079525875506,0.2142433234421365,0.0003,8,50
20250404-172811,BiLSTM_CRF,0.2927294068886007,0.24596456762340344,0.23382955046372064,0.2166172106824926,0.0003,8,50
20250404-172811,BiLSTM_CRF,0.2859936775014773,0.23387710291515124,0.21910917243238942,0.22663204747774482,0.0003,8,50
20250404-172811,BiLSTM_CRF,0.29147492185112467,0.2319746832451925,0.22572601931851785,0.2185459940652819,0.0003,8,50
20250404-172811,BiLSTM_CRF,0.28010931209416606,0.22518661206793353,0.2151601954215222,0.21357566765578634,0.0003,8,50
20250404-172811,BiLSTM_CRF,0.291933582936881,0.23709332966239488,0.22018246381339446,0.2251112759643917,0.0003,8,50
20250404-172811,BiLSTM_CRF,0.2675270870740773,0.22881381718717392,0.20486626093844906,0.19480712166172107,0.0003,8,50
20250404-173537,BiLSTM_Attention,0.16692585732140472,0.15695677490313792,0.1577286064936618,0.8122774480712166,0.0003,8,50
20250404-173537,BiLSTM_Attention,0.30829640713857664,0.13766209367326462,0.1352766526754306,0.7995919881305638,0.0003,8,50
20250404-173537,BiLSTM_Attention,0.26238706160276914,0.1400213553592224,0.13981525150591856,0.7996661721068249,0.0003,8,50
20250404-173537,BiLSTM_Attention,0.30483275587381814,0.1476766819745938,0.15216431310363018,0.8043397626112759,0.0003,8,50
20250404-173537,BiLSTM_Attention,0.26866532157381207,0.1418215119466493,0.14300100832340729,0.8021884272997033,0.0003,8,50
20250404-173537,BiLSTM_Attention,0.3700757336203882,0.15015002524077425,0.15823327407423507,0.8020771513353115,0.0003,8,50
20250404-173537,BiLSTM_Attention,0.31464220831314704,0.1554507517149416,0.16484107908137313,0.8088649851632047,0.0003,8,50
20250404-173537,BiLSTM_Attention,0.42652830883076737,0.16682729343921626,0.183214377672358,0.8101632047477745,0.0003,8,50
20250404-173537,BiLSTM_Attention,0.49375535667770515,0.17383033835692113,0.1951770576353105,0.8105341246290801,0.0003,8,50
20250404-173537,BiLSTM_Attention,0.48916351127435437,0.1755915441228285,0.19744268282777871,0.8116839762611276,0.0003,8,50
20250404-173537,BiLSTM_Attention,0.41739937977469466,0.175984479818523,0.20037850501353527,0.8094584569732938,0.0003,8,50
20250404-173537,BiLSTM_Attention,0.36806022467856214,0.18700292183968828,0.21471207696990502,0.8120178041543027,0.0003,8,50
20250404-173537,BiLSTM_Attention,0.47951506102253183,0.19318707482774033,0.2274925610199138,0.8113872403560831,0.0003,8,50
20250404-173537,BiLSTM_Attention,0.5245549114607466,0.19272300209698923,0.22482943976382647,0.8149109792284867,0.0003,8,50
20250404-173537,BiLSTM_Attention,0.43877021217436485,0.20235268803953224,0.2376751503318169,0.8140578635014837,0.0003,8,50
20250404-173537,BiLSTM_Attention,0.48929137368476233,0.2092858055922953,0.2488689858290426,0.8113501483679525,0.0003,8,50
20250404-173537,BiLSTM_Attention,0.5175008095947501,0.21786095785480808,0.26143406152242227,0.8171364985163204,0.0003,8,50
20250404-173537,BiLSTM_Attention,0.4645919419571372,0.23260732572562667,0.279878833325082,0.8189910979228486,0.0003,8,50
20250404-173537,BiLSTM_Attention,0.48328969289158874,0.2355112628519455,0.27683828393637344,0.8129451038575668,0.0003,8,50
20250404-173537,BiLSTM_Attention,0.49043063964955164,0.23026040767263511,0.26729535840117713,0.8204376854599407,0.0003,8,50
20250404-173537,BiLSTM_Attention,0.4555513225716718,0.2488563301657673,0.2971955275733468,0.8218842729970326,0.0003,8,50
20250404-173537,BiLSTM_Attention,0.5206195682015675,0.25493357529716815,0.30858706882530784,0.82040059347181,0.0003,8,50
20250404-173537,BiLSTM_Attention,0.48772105922325526,0.25041117379533673,0.30073998359122084,0.8183605341246291,0.0003,8,50
20250404-173537,BiLSTM_Attention,0.5131593045952686,0.251418543414802,0.3015223949278394,0.8189540059347181,0.0003,8,50
20250404-173537,BiLSTM_Attention,0.4616026195991245,0.24955987219647077,0.29768760833491686,0.8247032640949555,0.0003,8,50
20250404-173537,BiLSTM_Attention,0.44144690020670546,0.25111173957293664,0.29786548235372373,0.824406528189911,0.0003,8,50
20250404-173537,BiLSTM_Attention,0.4913959484993744,0.25080933863729615,0.29545441037277786,0.815727002967359,0.0003,8,50
20250404-174126,BiLSTM,0.2172493879228291,0.12963847784222654,0.12059293611436926,0.7958086053412463,0.0003,8,50
20250404-174126,BiLSTM,0.32212279413988293,0.13477945089066276,0.12986974060928735,0.798219584569733,0.0003,8,50
20250404-174126,BiLSTM,0.17548590983500265,0.157506768333567,0.15753303280162714,0.8048590504451039,0.0003,8,50
20250404-174126,BiLSTM,0.180385280167216,0.12975088478989225,0.12064150048519084,0.7967359050445104,0.0003,8,50
20250404-174126,BiLSTM,0.3072806788810355,0.1328976752834071,0.12709667868025318,0.7951038575667656,0.0003,8,50
20250404-174126,BiLSTM,0.3212732405339087,0.16342977672054884,0.16680625137451152,0.8048219584569732,0.0003,8,50
20250404-174126,BiLSTM,0.3177505317488194,0.1362132076644782,0.1328885083991048,0.7972922848664689,0.0003,8,50
20250404-174126,BiLSTM,0.33219920361066074,0.1443049819045455,0.1463352936776201,0.8005563798219585,0.0003,8,50
20250404-174126,BiLSTM,0.32705963702175606,0.14872565891789502,0.15148757373718605,0.7998887240356083,0.0003,8,50
20250404-174126,BiLSTM,0.33688260122130187,0.14379602226838104,0.14543231105288412,0.8005563798219585,0.0003,8,50
20250404-174126,BiLSTM,0.29633345291162017,0.16366817081515456,0.1730496154367235,0.8087166172106824,0.0003,8,50
20250404-174126,BiLSTM,0.31766536523161726,0.15453691656859475,0.16101364126854423,0.8044881305637982,0.0003,8,50
20250404-174126,BiLSTM,0.30920680105100745,0.16507620416607782,0.16913620592470036,0.8063798219584569,0.0003,8,50
20250404-174126,BiLSTM,0.30648840620603174,0.1673920870980595,0.17290731830038567,0.8109792284866468,0.0003,8,50
20250404-174126,BiLSTM,0.35247063339459966,0.17976634091805072,0.1866731429111554,0.8148367952522255,0.0003,8,50
20250404-174126,BiLSTM,0.33099835693876367,0.17436466874106069,0.1862025148795851,0.8123145400593472,0.0003,8,50
20250404-174126,BiLSTM,0.3029722438209044,0.15511700228577102,0.16502253138923056,0.8010385756676558,0.0003,8,50
20250404-174126,BiLSTM,0.306599554142278,0.2159119893515955,0.21683135854975943,0.8175816023738872,0.0003,8,50
20250404-174126,BiLSTM,0.36042283446890505,0.1633567258539976,0.17652593087535856,0.8070474777448071,0.0003,8,50
20250404-174126,BiLSTM,0.3742499255656964,0.21020157835931094,0.2228923786584805,0.8160237388724035,0.0003,8,50
20250404-174126,BiLSTM,0.3418744684770633,0.22409084071605836,0.2338684427635671,0.8122032640949555,0.0003,8,50
20250404-174126,BiLSTM,0.3765289444725297,0.17847464950311107,0.19747278450586353,0.810459940652819,0.0003,8,50
20250404-174126,BiLSTM,0.3480232058313793,0.18559396078068707,0.20695066206800705,0.8118323442136498,0.0003,8,50
20250404-174126,BiLSTM,0.3659992252786625,0.18356597629498403,0.20965659424937094,0.8049703264094955,0.0003,8,50
20250404-174126,BiLSTM,0.4337937501479652,0.21649502345636848,0.23508302552692228,0.8173961424332344,0.0003,8,50
20250404-174126,BiLSTM,0.4076390280195489,0.21853756184626907,0.24608923218967182,0.815727002967359,0.0003,8,50
20250404-174126,BiLSTM,0.39111366600064496,0.21537930118947307,0.24673038461724903,0.8131676557863502,0.0003,8,50
20250404-174126,BiLSTM,0.4153450014841355,0.19867623920669147,0.2308448456680468,0.8100890207715133,0.0003,8,50
20250404-174126,BiLSTM,0.45043803203544697,0.19824730740025398,0.23146281178158262,0.8063427299703264,0.0003,8,50
20250404-174126,BiLSTM,0.39754329779334285,0.19860569063814118,0.22603814955978255,0.8122032640949555,0.0003,8,50
20250404-174126,BiLSTM,0.37775854999902425,0.2022829742952581,0.225342276040038,0.8110905044510386,0.0003,8,50
20250404-174126,BiLSTM,0.41564060460567787,0.2019117430016264,0.23523253607032488,0.8065652818991098,0.0003,8,50
20250404-174528,BiLSTM_CRF,0.09925816023738872,0.125,0.11065167052596758,0.7940652818991097,0.0003,8,50
20250404-174528,BiLSTM_CRF,0.23385690611195875,0.1460950220287551,0.14671251649288863,0.7874258160237388,0.0003,8,50
20250404-174528,BiLSTM_CRF,0.3509078045692391,0.13278136363172055,0.11741899533877187,0.1882047477744807,0.0003,8,50
20250404-174528,BiLSTM_CRF,0.35945391267329607,0.18721314744597206,0.16047444375579029,0.20456231454005935,0.0003,8,50
20250404-174528,BiLSTM_CRF,0.43973477280359896,0.23641744998572553,0.23427549190637187,0.5398367952522255,0.0003,8,50
20250404-174528,BiLSTM_CRF,0.36886707274487945,0.22879208856051386,0.23325148604771367,0.5273367952522255,0.0003,8,50
20250404-174528,BiLSTM_CRF,0.3814551655727777,0.25107091955897176,0.2582622742433579,0.558160237388724,0.0003,8,50
20250404-174528,BiLSTM_CRF,0.3551790794415511,0.26618186155679857,0.27643913103638745,0.5881676557863501,0.0003,8,50
20250404-174528,BiLSTM_CRF,0.347791937660296,0.2787313683281243,0.2950003169012563,0.7047848664688428,0.0003,8,50
20250404-174528,BiLSTM_CRF,0.344000506363926,0.2788443452566307,0.297566962855795,0.7068991097922849,0.0003,8,50
20250404-174528,BiLSTM_CRF,0.35282997228860435,0.2628556994516736,0.2790606038522682,0.5932121661721068,0.0003,8,50
20250404-174528,BiLSTM_CRF,0.34734230269669053,0.2910266521190637,0.30207557004089414,0.631713649851632,0.0003,8,50
20250404-174528,BiLSTM_CRF,0.3399968136817346,0.3034179981586722,0.30667973935976167,0.6672848664688428,0.0003,8,50
20250404-174528,BiLSTM_CRF,0.3480850028276077,0.2919431645661637,0.3072185491932115,0.7204005934718101,0.0003,8,50
20250404-174528,BiLSTM_CRF,0.3531884487398409,0.29700473081640644,0.3154617697876544,0.7303412462908012,0.0003,8,50
20250404-174528,BiLSTM_CRF,0.3420534780844774,0.28956067504846733,0.3046151668542954,0.7186943620178041,0.0003,8,50
20250404-174528,BiLSTM_CRF,0.376700460303715,0.2967263811978877,0.31948276563342237,0.713353115727003,0.0003,8,50
20250404-174528,BiLSTM_CRF,0.34689263946198906,0.30631933338423795,0.31560082476128504,0.7275964391691395,0.0003,8,50
20250404-174528,BiLSTM_CRF,0.35278791237798923,0.2863356811803288,0.31206213146654704,0.7638724035608309,0.0003,8,50
20250404-174528,BiLSTM_CRF,0.34696613200159476,0.29359029996387753,0.3078649995790153,0.6913946587537092,0.0003,8,50
20250404-174528,BiLSTM_CRF,0.3525402951791347,0.3031374905743123,0.31985790895628585,0.7232195845697329,0.0003,8,50
20250404-174528,BiLSTM_CRF,0.34685608239000976,0.33070664882626144,0.3328577055386914,0.7307121661721068,0.0003,8,50
20250404-174528,BiLSTM_CRF,0.35724081133086383,0.31590202067143636,0.32311755511602547,0.7460311572700297,0.0003,8,50
20250404-174528,BiLSTM_CRF,0.33820799747100705,0.30918889418992634,0.3191407489319907,0.738353115727003,0.0003,8,50
20250404-174528,BiLSTM_CRF,0.3707499929152407,0.30306805684021976,0.31967287705230757,0.7317507418397626,0.0003,8,50
20250404-174528,BiLSTM_CRF,0.36649699594687724,0.3047568635950358,0.3201734735023852,0.716913946587537,0.0003,8,50
20250404-174528,BiLSTM_CRF,0.34987570409252294,0.31360360951107813,0.32310715897148845,0.7122774480712166,0.0003,8,50
20250404-175504,BiLSTM_Attention,0.17091418663314428,0.18914148580714746,0.1792549807571348,0.823553412462908,0.0003,8,50
20250404-175504,BiLSTM_Attention,0.2500216323820271,0.14770994543547558,0.15042556939643179,0.8059718100890207,0.0003,8,50
20250404-175504,BiLSTM_Attention,0.3299493311519873,0.14437305437414705,0.14628490952847265,0.8044881305637982,0.0003,8,50
20250404-175504,BiLSTM_Attention,0.32763346156169026,0.14816883449841087,0.15299296764499334,0.806454005934718,0.0003,8,50
20250404-175504,BiLSTM_Attention,0.5169052218240813,0.1660485067640662,0.18559209291345477,0.8068249258160237,0.0003,8,50
20250404-175504,BiLSTM_Attention,0.4846699111500242,0.15702557143433504,0.1701101940239805,0.8070103857566766,0.0003,8,50
20250404-175504,BiLSTM_Attention,0.3905648616751721,0.16474630631981738,0.18197741950456375,0.8096810089020772,0.0003,8,50
20250404-175504,BiLSTM_Attention,0.42062377865725803,0.17066262108576769,0.19066723842259736,0.8097551928783383,0.0003,8,50
20250404-175504,BiLSTM_Attention,0.5224726131688819,0.17404543606875672,0.19360713780488514,0.8130934718100891,0.0003,8,50
20250404-175504,BiLSTM_Attention,0.4442840737469857,0.19320867756268054,0.22671290388745585,0.8109792284866468,0.0003,8,50
20250404-175504,BiLSTM_Attention,0.4789674413813368,0.20148447541796882,0.23512181406450722,0.8130563798219584,0.0003,8,50
20250404-175504,BiLSTM_Attention,0.4743151811075958,0.2017156400251915,0.23780055607327583,0.8158753709198813,0.0003,8,50
20250404-175504,BiLSTM_Attention,0.4418388445443635,0.2066525281346751,0.24398484534571577,0.8109792284866468,0.0003,8,50
20250404-175504,BiLSTM_Attention,0.4537910950141728,0.21356495133633457,0.25514926912355546,0.8130934718100891,0.0003,8,50
20250404-175504,BiLSTM_Attention,0.5029635536893696,0.21667164974026504,0.2602355543764088,0.8181750741839763,0.0003,8,50
20250404-175504,BiLSTM_Attention,0.5212428156818083,0.22444837014429025,0.26912059779449093,0.8172477744807122,0.0003,8,50
20250404-175504,BiLSTM_Attention,0.4806871867080899,0.22867507345752192,0.2754007262880245,0.8171364985163204,0.0003,8,50
20250404-175504,BiLSTM_Attention,0.46687576116643903,0.23998651027110207,0.2866557044733368,0.8154302670623146,0.0003,8,50
20250404-175504,BiLSTM_Attention,0.46183177301015,0.24313689694046026,0.28731396920310626,0.8237017804154303,0.0003,8,50
20250404-175504,BiLSTM_Attention,0.5004027929846152,0.23740479864698327,0.28550070556640916,0.821513353115727,0.0003,8,50
20250404-175504,BiLSTM_Attention,0.48568831177786526,0.24684194155131495,0.29634600568469704,0.8256305637982195,0.0003,8,50
20250404-175504,BiLSTM_Attention,0.46343905635074634,0.26556954937373395,0.3158854809094353,0.8245178041543026,0.0003,8,50
20250404-175504,BiLSTM_Attention,0.4529729916102652,0.26547356931367216,0.31016428908510807,0.8231824925816024,0.0003,8,50
20250404-175504,BiLSTM_Attention,0.47151730438726347,0.2504326571085269,0.29813448478751836,0.8195103857566766,0.0003,8,50
20250404-175504,BiLSTM_Attention,0.4733916250307716,0.2445601478028203,0.28814891298577366,0.8231824925816024,0.0003,8,50
20250404-175504,BiLSTM_Attention,0.4503636291394712,0.2612386318255144,0.30715738488745625,0.8210311572700296,0.0003,8,50
20250404-175504,BiLSTM_Attention,0.4543228172162837,0.2768499649710856,0.3232077999787888,0.8260014836795252,0.0003,8,50
20250404-175504,BiLSTM_Attention,0.4585669198240482,0.25519441662367015,0.3030555812907671,0.8233308605341246,0.0003,8,50
20250404-175504,BiLSTM_Attention,0.4716919074500006,0.2707599809495208,0.31978389915699057,0.8251483679525222,0.0003,8,50
20250404-175504,BiLSTM_Attention,0.5108470882670124,0.24723869801269438,0.2977247533612661,0.8225890207715133,0.0003,8,50
20250404-175504,BiLSTM_Attention,0.4797242860367114,0.269166393879579,0.3193086189505389,0.8257789317507418,0.0003,8,50
20250404-175504,BiLSTM_Attention,0.45618275574571804,0.2810840809058458,0.32515597013055014,0.8265578635014836,0.0003,8,50
20250404-175504,BiLSTM_Attention,0.46459531855501685,0.2958750733117155,0.3421067887848121,0.8275593471810089,0.0003,8,50
20250404-175504,BiLSTM_Attention,0.45465350488300416,0.28770567662667146,0.3328161786605579,0.830786350148368,0.0003,8,50
20250404-175504,BiLSTM_Attention,0.45427801658696554,0.2751465583536212,0.3210035189788397,0.8219584569732937,0.0003,8,50
20250404-175504,BiLSTM_Attention,0.444038591186564,0.259122791655511,0.3028817183744278,0.8187314540059347,0.0003,8,50
20250404-175504,BiLSTM_Attention,0.442330575048696,0.29891955059711106,0.3400955757361509,0.8285608308605341,0.0003,8,50
20250404-175504,BiLSTM_Attention,0.4269104891698322,0.28055942063522066,0.32257102820448824,0.82040059347181,0.0003,8,50
20251030-190641,BiLSTM,0.1735829286263443,0.2113254480287792,0.18568855164053444,0.8156157270029674,0.001,8,50
